Title;Released_Year;Runtime;Genre;Rating;Director;Star1;Star2;Number_of_Votes;Gross
The Dark Knight;2008;152 min;Action, Crime, Drama;90;Christopher Nolan;Christian Bale;Heath Ledger;2303232;534,858,444
The Lord of the Rings: The Return of the King;2003;201 min;Action, Adventure, Drama;89;Peter Jackson;Elijah Wood;Viggo Mortensen;1642758;377,845,905
Inception;2010;148 min;Action, Adventure, Sci-Fi;88;Christopher Nolan;Leonardo DiCaprio;Joseph Gordon-Levitt;2067042;292,576,195
The Lord of the Rings: The Fellowship of the Ring;2001;178 min;Action, Adventure, Drama;88;Peter Jackson;Elijah Wood;Ian McKellen;1661481;315,544,750
The Lord of the Rings: The Two Towers;2002;179 min;Action, Adventure, Drama;87;Peter Jackson;Elijah Wood;Ian McKellen;1485555;342,551,365
Interstellar;2014;169 min;Adventure, Drama, Sci-Fi;86;Christopher Nolan;Matthew McConaughey;Anne Hathaway;1512360;188,020,017
Joker;2019;122 min;Crime, Drama, Thriller;85;Todd Phillips;Joaquin Phoenix;Robert De Niro;939252;335,451,311
Whiplash;2014;106 min;Drama, Music;85;Damien Chazelle;Miles Teller;J.K. Simmons;717585;13,092,000
The Intouchables;2011;112 min;Biography, Comedy, Drama;85;Olivier Nakache;Eric Toledano;Francois Cluzet;760360;13,182,281
The Prestige;2006;130 min;Drama, Mystery, Sci-Fi;85;Christopher Nolan;Christian Bale;Hugh Jackman;1190259;53,089,891
The Departed;2006;151 min;Crime, Drama, Thriller;85;Martin Scorsese;Leonardo DiCaprio;Matt Damon;1189773;132,384,315
The Pianist;2002;150 min;Biography, Drama, Music;85;Roman Polanski;Adrien Brody;Thomas Kretschmann;729603;32,572,577
Gladiator;2000;155 min;Action, Adventure, Drama;85;Ridley Scott;Russell Crowe;Joaquin Phoenix;1341460;187,705,427
Spider-Man: Into the Spider-Verse;2018;117 min;Animation, Action, Adventure;84;Bob Persichetti;Peter Ramsey;Rodney Rothman;375110;190,241,310
Avengers: Endgame;2019;181 min;Action, Adventure, Drama;84;Anthony Russo;Joe Russo;Robert Downey Jr.;809955;858,373,000
Avengers: Infinity War;2018;149 min;Action, Adventure, Sci-Fi;84;Anthony Russo;Joe Russo;Robert Downey Jr.;834477;678,815,482
Coco;2017;105 min;Animation, Adventure, Family;84;Lee Unkrich;Adrian Molina;Anthony Gonzalez;384171;209,726,015
Django Unchained;2012;165 min;Drama, Western;84;Quentin Tarantino;Jamie Foxx;Christoph Waltz;1357682;162,805,434
The Dark Knight Rises;2012;164 min;Action, Adventure;84;Christopher Nolan;Christian Bale;Tom Hardy;1516346;448,139,099
3 Idiots;2009;170 min;Comedy, Drama;84;Rajkumar Hirani;Aamir Khan;Madhavan;344445;6,532,908
Taare Zameen Par;2007;165 min;Drama, Family;84;Aamir Khan;Amole Gupte;Darsheel Safary;168895;1,223,869
WALL·E;2008;98 min;Animation, Adventure, Family;84;Andrew Stanton;Ben Burtt;Elissa Knight;999790;223,808,164
The Lives of Others;2006;137 min;Drama, Mystery, Thriller;84;Florian Henckel von Donnersmarck;Ulrich Mühe;Martina Gedeck;358685;11,286,112
Memento;2000;113 min;Mystery, Thriller;84;Christopher Nolan;Guy Pearce;Carrie-Anne Moss;1125712;25,544,867
1917;2019;119 min;Drama, Thriller, War;83;Sam Mendes;Dean-Charles Chapman;George MacKay;425844;159,227,644
Amelie;2001;122 min;Comedy, Romance;83;Jean-Pierre Jeunet;Audrey Tautou;Mathieu Kassovitz;703810;33,225,499
Snatch;2000;104 min;Comedy, Crime;83;Guy Ritchie;Jason Statham;Brad Pitt;782001;30,328,156
Requiem for a Dream;2000;102 min;Drama;83;Darren Aronofsky;Ellen Burstyn;Jared Leto;766870;3,635,482
Green Book;2018;130 min;Biography, Comedy, Drama;82;Peter Farrelly;Viggo Mortensen;Mahershala Ali;377884;85,080,171
Drishyam;2015;163 min;Crime, Drama, Mystery;82;Nishikant Kamat;Ajay Devgn;Shriya Saran;70367;739,478
Queen;2013;146 min;Adventure, Comedy, Drama;82;Vikas Bahl;Kangana Ranaut;Rajkummar Rao;60701;1,429,534
Warrior;2011;140 min;Action, Drama, Sport;82;Gavin O'Connor;Tom Hardy;Nick Nolte;435950;13,657,115
Shutter Island;2010;138 min;Mystery, Thriller;82;Martin Scorsese;Leonardo DiCaprio;Emily Mortimer;1129894;128,012,934
Up;2009;96 min;Animation, Adventure, Comedy;82;Pete Docter;Bob Peterson;Edward Asner;935507;293,004,164
The Wolf of Wall Street;2013;180 min;Biography, Crime, Drama;82;Martin Scorsese;Leonardo DiCaprio;Jonah Hill;1187498;116,900,694
Chak De! India;2007;153 min;Drama, Family, Sport;82;Shimit Amin;Shah Rukh Khan;Vidya Malvade;74129;1,113,541
There Will Be Blood;2007;158 min;Drama;82;Paul Thomas Anderson;Daniel Day-Lewis;Paul Dano;517359;40,222,514
Pan's Labyrinth;2006;118 min;Drama, Fantasy, War;82;Guillermo del Toro;Ivana Baquero;Ariadna Gil;618623;37,634,615
Toy Story 3;2010;103 min;Animation, Adventure, Comedy;82;Lee Unkrich;Tom Hanks;Tim Allen;757032;415,004,880
V for Vendetta;2005;132 min;Action, Drama, Sci-Fi;82;James McTeigue;Hugo Weaving;Natalie Portman;1032749;70,511,035
Rang De Basanti;2006;167 min;Comedy, Crime, Drama;82;Rakeysh Omprakash Mehra;Aamir Khan;Soha Ali Khan;111937;2,197,331
Black;2005;122 min;Drama;82;Sanjay Leela Bhansali;Amitabh Bachchan;Rani Mukerji;33354;733,094
Batman Begins;2005;140 min;Action, Adventure;82;Christopher Nolan;Christian Bale;Michael Caine;1308302;206,852,432
Swades: We, the People;2004;210 min;Drama;82;Ashutosh Gowariker;Shah Rukh Khan;Gayatri Joshi;83005;1,223,240
Der Untergang;2004;156 min;Biography, Drama, History;82;Oliver Hirschbiegel;Bruno Ganz;Alexandra Maria Lara;331308;5,509,040
Hauru no ugoku shiro;2004;119 min;Animation, Adventure, Family;82;Hayao Miyazaki;Chieko Baishô;Takuya Kimura;333915;4,711,096
A Beautiful Mind;2001;135 min;Biography, Drama;82;Ron Howard;Russell Crowe;Ed Harris;848920;170,742,341
Mommy;2014;139 min;Drama;81;Xavier Dolan;Anne Dorval;Antoine Olivier Pilon;50700;3,492,754
Haider;2014;160 min;Action, Crime, Drama;81;Vishal Bhardwaj;Shahid Kapoor;Tabu;50445;901,61
Logan;2017;137 min;Action, Drama, Sci-Fi;81;James Mangold;Hugh Jackman;Patrick Stewart;647884;226,277,068
Room;2015;118 min;Drama, Thriller;81;Lenny Abrahamson;Brie Larson;Jacob Tremblay;371538;14,677,674
PK;2014;153 min;Comedy, Drama, Musical;81;Rajkumar Hirani;Aamir Khan;Anushka Sharma;163061;10,616,104
OMG: Oh My God!;2012;125 min;Comedy, Drama, Fantasy;81;Umesh Shukla;Paresh Rawal;Akshay Kumar;51739;923,221
The Grand Budapest Hotel;2014;99 min;Adventure, Comedy, Crime;81;Wes Anderson;Ralph Fiennes;F. Murray Abraham;707630;59,100,318
Gone Girl;2014;149 min;Drama, Mystery, Thriller;81;David Fincher;Ben Affleck;Rosamund Pike;859695;167,767,189
Inside Out;2015;95 min;Animation, Adventure, Comedy;81;Pete Docter;Ronnie Del Carmen;Amy Poehler;616228;356,461,711
Barfi!;2012;151 min;Comedy, Drama, Romance;81;Anurag Basu;Ranbir Kapoor;Priyanka Chopra;75721;2,804,874
12 Years a Slave;2013;134 min;Biography, Drama, History;81;Steve McQueen;Chiwetel Ejiofor;Michael Kenneth Williams;640533;56,671,993
Rush;2013;123 min;Action, Biography, Drama;81;Ron Howard;Daniel Bruhl;Chris Hemsworth;432811;26,947,624
Ford v Ferrari;2019;152 min;Action, Biography, Drama;81;James Mangold;Matt Damon;Christian Bale;291289;117,624,028
Spotlight;2015;129 min;Biography, Crime, Drama;81;Tom McCarthy;Mark Ruffalo;Michael Keaton;420316;45,055,776
Song of the Sea;2014;93 min;Animation, Adventure, Drama;81;Tomm Moore;David Rawle;Brendan Gleeson;51679;857,524
Prisoners;2013;153 min;Crime, Drama, Mystery;81;Denis Villeneuve;Hugh Jackman;Jake Gyllenhaal;601149;61,002,302
Mad Max: Fury Road;2015;120 min;Action, Adventure, Sci-Fi;81;George Miller;Tom Hardy;Charlize Theron;882316;154,058,340
Gran Torino;2008;116 min;Drama;81;Clint Eastwood;Clint Eastwood;Bee Vang;720450;148,095,302
Harry Potter and the Deathly Hallows: Part 2;2011;130 min;Adventure, Drama, Fantasy;81;David Yates;Daniel Radcliffe;Emma Watson;764493;381,011,219
How to Train Your Dragon;2010;98 min;Animation, Action, Adventure;81;Dean DeBlois;Chris Sanders;Jay Baruchel;666773;217,581,231
Into the Wild;2007;148 min;Adventure, Biography, Drama;81;Sean Penn;Emile Hirsch;Vince Vaughn;572921;18,354,356
No Country for Old Men;2007;122 min;Crime, Drama, Thriller;81;Ethan Coen;Joel Coen;Tommy Lee Jones;856916;74,283,625
Lage Raho Munna Bhai;2006;144 min;Comedy, Drama, Romance;81;Rajkumar Hirani;Sanjay Dutt;Arshad Warsi;43137;2,217,561
Million Dollar Baby;2004;132 min;Drama, Sport;81;Clint Eastwood;Hilary Swank;Clint Eastwood;635975;100,492,203
Finding Nemo;2003;100 min;Animation, Adventure, Comedy;81;Andrew Stanton;Lee Unkrich;Albert Brooks;949565;380,843,261
Catch Me If You Can;2002;141 min;Biography, Crime, Drama;81;Steven Spielberg;Leonardo DiCaprio;Tom Hanks;832846;164,615,351
Monsters, Inc.;2001;92 min;Animation, Adventure, Comedy;81;Pete Docter;David Silverman;Lee Unkrich;815505;289,916,256
Lagaan: Once Upon a Time in India;2001;224 min;Adventure, Drama, Musical;81;Ashutosh Gowariker;Aamir Khan;Raghuvir Yadav;105036;70,147
La La Land;2016;128 min;Comedy, Drama, Music;80;Damien Chazelle;Ryan Gosling;Emma Stone;505918;151,101,803
Lion;2016;118 min;Biography, Drama;80;Garth Davis;Dev Patel;Nicole Kidman;213970;51,739,495
The Martian;2015;144 min;Adventure, Drama, Sci-Fi;80;Ridley Scott;Matt Damon;Jessica Chastain;760094;228,433,663
Wonder;2017;113 min;Drama, Family;80;Stephen Chbosky;Jacob Tremblay;Owen Wilson;141923;132,422,809
Gully Boy;2019;154 min;Drama, Music, Romance;80;Zoya Akhtar;Vijay Varma;Nakul Roshan Sahdev;31886;5,566,534
Special Chabbis;2013;144 min;Crime, Drama, Thriller;80;Neeraj Pandey;Akshay Kumar;Anupam Kher;51069;1,079,369
Short Term 12;2013;96 min;Drama;80;Destin Daniel Cretton;Brie Larson;Frantz Turner;81770;1,010,414
Serbuan maut 2: Berandal;2014;150 min;Action, Crime, Thriller;80;Gareth Evans;Iko Uwais;Yayan Ruhian;114316;2,625,803
Guardians of the Galaxy;2014;121 min;Action, Adventure, Comedy;80;James Gunn;Chris Pratt;Vin Diesel;1043455;333,176,600
Blade Runner 2049;2017;164 min;Action, Drama, Mystery;80;Denis Villeneuve;Harrison Ford;Ryan Gosling;461823;92,054,159
Her;2013;126 min;Drama, Romance, Sci-Fi;80;Spike Jonze;Joaquin Phoenix;Amy Adams;540772;25,568,251
Bohemian Rhapsody;2018;134 min;Biography, Drama, Music;80;Bryan Singer;Rami Malek;Lucy Boynton;450349;216,428,042
The Perks of Being a Wallflower;2012;103 min;Drama, Romance;80;Stephen Chbosky;Logan Lerman;Emma Watson;462252;17,738,570
The King's Speech;2010;118 min;Biography, Drama, History;80;Tom Hooper;Colin Firth;Geoffrey Rush;639603;138,797,449
The Help;2011;146 min;Drama;80;Tate Taylor;Emma Stone;Viola Davis;428521;169,708,112
Deadpool;2016;108 min;Action, Adventure, Comedy;80;Tim Miller;Ryan Reynolds;Morena Baccarin;902669;363,070,709
Darbareye Elly;2009;119 min;Drama, Mystery;80;Asghar Farhadi;Golshifteh Farahani;Shahab Hosseini;45803;106,662
Dev.D;2009;144 min;Drama, Romance;80;Anurag Kashyap;Abhay Deol;Mahie Gill;28749;10,95
My Name Is Khan;2010;165 min;Drama;80;Karan Johar;Shah Rukh Khan;Kajol;98575;4,018,695
Slumdog Millionaire;2008;120 min;Drama, Romance;80;Danny Boyle;Loveleen Tandan;Dev Patel;798882;141,319,928
Black Swan;2010;108 min;Drama, Thriller;80;Darren Aronofsky;Natalie Portman;Mila Kunis;699673;106,954,678
The Avengers;2012;143 min;Action, Adventure, Sci-Fi;80;Joss Whedon;Robert Downey Jr.;Chris Evans;1260806;623,279,547
Persepolis;2007;96 min;Animation, Biography, Drama;80;Vincent Paronnaud;Marjane Satrapi;Chiara Mastroianni;88656;4,445,756
The Pursuit of Happyness;2006;117 min;Biography, Drama;80;Gabriele Muccino;Will Smith;Thandie Newton;448930;163,566,459
Blood Diamond;2006;143 min;Adventure, Drama, Thriller;80;Edward Zwick;Leonardo DiCaprio;Djimon Hounsou;499439;57,366,262
Sin City;2005;124 min;Crime, Thriller;80;Frank Miller;Quentin Tarantino;Robert Rodriguez;738512;74,103,820
Le scaphandre et le papillon;2007;112 min;Biography, Drama;80;Julian Schnabel;Laura Obiols;Mathieu Amalric;103284;5,990,075
Ratatouille;2007;111 min;Animation, Adventure, Comedy;80;Brad Bird;Jan Pinkava;Brad Garrett;641645;206,445,654
Casino Royale;2006;144 min;Action, Adventure, Thriller;80;Martin Campbell;Daniel Craig;Eva Green;582239;167,445,960
Pirates of the Caribbean: The Curse of the Black Pearl;2003;143 min;Action, Adventure, Fantasy;80;Gore Verbinski;Johnny Depp;Geoffrey Rush;1015122;305,413,918
Big Fish;2003;125 min;Adventure, Drama, Fantasy;80;Tim Burton;Ewan McGregor;Albert Finney;415218;66,257,002
The Incredibles;2004;115 min;Animation, Action, Adventure;80;Brad Bird;Craig T. Nelson;Samuel L. Jackson;657047;261,441,092
Dogville;2003;178 min;Crime, Drama;80;Lars von Trier;Nicole Kidman;Paul Bettany;137963;1,530,386
Donnie Darko;2001;113 min;Drama, Mystery, Sci-Fi;80;Richard Kelly;Jake Gyllenhaal;Jena Malone;740086;1,480,006
Knives Out;2019;130 min;Comedy, Crime, Drama;79;Rian Johnson;Daniel Craig;Chris Evans;454203;165,359,751
Marriage Story;2019;137 min;Comedy, Drama, Romance;79;Noah Baumbach;Adam Driver;Scarlett Johansson;246644;2,000,000
Call Me by Your Name;2017;132 min;Drama, Romance;79;Luca Guadagnino;Armie Hammer;Timothée Chalamet;212651;18,095,701
I, Daniel Blake;2016;100 min;Drama;79;Ken Loach;Laura Obiols;Dave Johns;53818;258,168
Isle of Dogs;2018;101 min;Animation, Adventure, Comedy;79;Wes Anderson;Bryan Cranston;Koyu Rankin;139114;32,015,231
Hunt for the Wilderpeople;2016;101 min;Adventure, Comedy, Drama;79;Taika Waititi;Sam Neill;Julian Dennison;111483;5,202,582
Captain Fantastic;2016;118 min;Comedy, Drama;79;Matt Ross;Viggo Mortensen;George MacKay;189400;5,875,006
Sing Street;2016;106 min;Comedy, Drama, Music;79;John Carney;Ferdia Walsh-Peelo;Aidan Gillen;85109;3,237,118
Thor: Ragnarok;2017;130 min;Action, Adventure, Comedy;79;Taika Waititi;Chris Hemsworth;Tom Hiddleston;587775;315,058,289
Nightcrawler;2014;117 min;Crime, Drama, Thriller;79;Dan Gilroy;Jake Gyllenhaal;Rene Russo;466134;32,381,218
Jojo Rabbit;2019;108 min;Comedy, Drama, War;79;Taika Waititi;Roman Griffin Davis;Thomasin McKenzie;297918;349,555
Arrival;2016;116 min;Drama, Sci-Fi;79;Denis Villeneuve;Amy Adams;Jeremy Renner;594181;100,546,139
Star Wars: Episode VII - The Force Awakens;2015;138 min;Action, Adventure, Sci-Fi;79;J.J. Abrams;Daisy Ridley;John Boyega;860823;936,662,225
Before Midnight;2013;109 min;Drama, Romance;79;Richard Linklater;Ethan Hawke;Julie Delpy;141457;8,114,627
X-Men: Days of Future Past;2014;132 min;Action, Adventure, Sci-Fi;79;Bryan Singer;Patrick Stewart;Ian McKellen;659763;233,921,534
Bir Zamanlar Anadolu'da;2011;157 min;Crime, Drama;79;Nuri Bilge Ceylan;Muhammet Uzuner;Yilmaz Erdogan;41995;138,73
Edge of Tomorrow;2014;113 min;Action, Adventure, Sci-Fi;79;Doug Liman;Tom Cruise;Emily Blunt;600004;100,206,256
Amour;2012;127 min;Drama, Romance;79;Michael Haneke;Jean-Louis Trintignant;Emmanuelle Riva;93090;6,739,492
The Irishman;2019;209 min;Biography, Crime, Drama;79;Martin Scorsese;Robert De Niro;Al Pacino;324720;7,000,000
Moon;2009;97 min;Drama, Mystery, Sci-Fi;79;Duncan Jones;Sam Rockwell;Kevin Spacey;335152;5,009,677
The Wrestler;2008;109 min;Drama, Sport;79;Darren Aronofsky;Mickey Rourke;Marisa Tomei;289415;26,236,603
Jab We Met;2007;138 min;Comedy, Drama, Romance;79;Imtiaz Ali;Shahid Kapoor;Kareena Kapoor;47720;410,8
Boyhood;2014;165 min;Drama;79;Richard Linklater;Ellar Coltrane;Patricia Arquette;335533;25,379,975
Star Trek;2009;127 min;Action, Adventure, Sci-Fi;79;J.J. Abrams;Chris Pine;Zachary Quinto;577336;257,730,019
In Bruges;2008;107 min;Comedy, Crime, Drama;79;Martin McDonagh;Colin Farrell;Brendan Gleeson;390334;7,757,130
Letters from Iwo Jima;2006;141 min;Action, Adventure, Drama;79;Clint Eastwood;Ken Watanabe;Kazunari Ninomiya;154011;13,756,082
The Fall;2006;117 min;Adventure, Drama, Fantasy;79;Tarsem Singh;Lee Pace;Catinca Untaru;107290;2,280,348
Life of Pi;2012;127 min;Adventure, Drama, Fantasy;79;Ang Lee;Suraj Sharma;Irrfan Khan;580708;124,987,023
Fantastic Mr. Fox;2009;87 min;Animation, Adventure, Comedy;79;Wes Anderson;George Clooney;Meryl Streep;199696;21,002,919
Iron Man;2008;126 min;Action, Adventure, Sci-Fi;79;Jon Favreau;Robert Downey Jr.;Gwyneth Paltrow;939644;318,412,101
Shaun of the Dead;2004;99 min;Comedy, Horror;79;Edgar Wright;Simon Pegg;Nick Frost;512249;13,542,874
Mystic River;2003;138 min;Crime, Drama, Mystery;79;Clint Eastwood;Sean Penn;Tim Robbins;419420;90,135,191
No Man's Land;2001;98 min;Comedy, Drama, War;79;Danis Tanovic;Branko Djuric;Rene Bitorajac;44618;1,059,830
Almost Famous;2000;122 min;Adventure, Comedy, Drama;79;Cameron Crowe;Billy Crudup;Patrick Fugit;252586;32,534,850
Mulholland Dr.;2001;147 min;Drama, Mystery, Thriller;79;David Lynch;Naomi Watts;Laura Harring;322031;7,220,243
Forushande;2016;124 min;Drama;78;Asghar Farhadi;Shahab Hosseini;Taraneh Alidoosti;51240;2,402,067
Hidden Figures;2016;127 min;Biography, Drama, History;78;Theodore Melfi;Taraji P. Henson;Octavia Spencer;200876;169,607,287
Paddington 2;2017;103 min;Adventure, Comedy, Family;78;Paul King;Ben Whishaw;Hugh Grant;61594;40,442,052
Kubo and the Two Strings;2016;101 min;Animation, Action, Adventure;78;Travis Knight;Charlize Theron;Art Parkinson;118035;48,023,088
M.S. Dhoni: The Untold Story;2016;184 min;Biography, Drama, Sport;78;Neeraj Pandey;Sushant Singh Rajput;Kiara Advani;40416;1,782,795
Manchester by the Sea;2016;137 min;Drama;78;Kenneth Lonergan;Casey Affleck;Michelle Williams;246963;47,695,120
Rogue One;2016;133 min;Action, Adventure, Sci-Fi;78;Gareth Edwards;Felicity Jones;Diego Luna;556608;532,177,324
Captain America: Civil War;2016;147 min;Action, Adventure, Sci-Fi;78;Anthony Russo;Joe Russo;Chris Evans;663649;408,084,349
The Hateful Eight;2015;168 min;Crime, Drama, Mystery;78;Quentin Tarantino;Samuel L. Jackson;Kurt Russell;517059;54,117,416
Little Women;2019;135 min;Drama, Romance;78;Greta Gerwig;Saoirse Ronan;Emma Watson;143250;108,101,214
Loving Vincent;2017;94 min;Animation, Biography, Crime;78;Dorota Kobiela;Hugh Welchman;Douglas Booth;50778;6,735,118
The Lunchbox;2013;104 min;Drama, Romance;78;Ritesh Batra;Irrfan Khan;Nimrat Kaur;50523;4,231,500
Vicky Donor;2012;126 min;Comedy, Romance;78;Shoojit Sircar;Ayushmann Khurrana;Yami Gautam;39710;169,209
Big Hero 6;2014;102 min;Animation, Action, Adventure;78;Don Hall;Chris Williams;Ryan Potter;410983;222,527,828
About Time;2013;123 min;Comedy, Drama, Fantasy;78;Richard Curtis;Domhnall Gleeson;Rachel McAdams;303032;15,322,921
English Vinglish;2012;134 min;Comedy, Drama, Family;78;Gauri Shinde;Sridevi;Adil Hussain;33618;1,670,773
Kaze tachinu;2013;126 min;Animation, Biography, Drama;78;Hayao Miyazaki;Hideaki Anno;Hidetoshi Nishijima;73690;5,209,580
Toy Story 4;2019;100 min;Animation, Adventure, Comedy;78;Josh Cooley;Tom Hanks;Tim Allen;203177;434,038,008
La migliore offerta;2013;131 min;Crime, Drama, Mystery;78;Giuseppe Tornatore;Geoffrey Rush;Jim Sturgess;108399;85,433
Moonrise Kingdom;2012;94 min;Comedy, Drama, Romance;78;Wes Anderson;Jared Gilman;Kara Hayward;318789;45,512,466
How to Train Your Dragon 2;2014;102 min;Animation, Action, Adventure;78;Dean DeBlois;Jay Baruchel;Cate Blanchett;305611;177,002,924
The Big Short;2015;130 min;Biography, Comedy, Drama;78;Adam McKay;Christian Bale;Steve Carell;362942;70,259,870
The Girl with the Dragon Tattoo;2011;158 min;Crime, Drama, Mystery;78;David Fincher;Daniel Craig;Rooney Mara;423010;102,515,793
Captain Phillips;2013;134 min;Adventure, Biography, Crime;78;Paul Greengrass;Tom Hanks;Barkhad Abdi;421244;107,100,855
The Hobbit: The Desolation of Smaug;2013;161 min;Adventure, Fantasy;78;Peter Jackson;Ian McKellen;Martin Freeman;601408;258,366,855
Das weiße Band - Eine deutsche Kindergeschichte;2009;144 min;Drama, History, Mystery;78;Michael Haneke;Christian Friedel;Ernst Jacobi;68715;2,222,647
Män som hatar kvinnor;2009;152 min;Crime, Drama, Mystery;78;Niels Arden Oplev;Michael Nyqvist;Noomi Rapace;208994;10,095,170
The Fighter;2010;116 min;Biography, Drama, Sport;78;David O. Russell;Mark Wahlberg;Christian Bale;340584;93,617,009
Taken;2008;90 min;Action, Thriller;78;Pierre Morel;Liam Neeson;Maggie Grace;564791;145,000,989
The Boy in the Striped Pyjamas;2008;94 min;Drama, History, War;78;Mark Herman;Asa Butterfield;David Thewlis;190748;9,030,581
The Hobbit: An Unexpected Journey;2012;169 min;Adventure, Fantasy;78;Peter Jackson;Martin Freeman;Ian McKellen;757377;303,003,568
Atonement;2007;123 min;Drama, Mystery, Romance;78;Joe Wright;Keira Knightley;James McAvoy;251370;50,927,067
Drive;2011;100 min;Crime, Drama;78;Nicolas Winding Refn;Ryan Gosling;Carey Mulligan;571571;35,061,555
American Gangster;2007;157 min;Biography, Crime, Drama;78;Ridley Scott;Denzel Washington;Russell Crowe;392449;130,164,645
Avatar;2009;162 min;Action, Adventure, Fantasy;78;James Cameron;Sam Worthington;Zoe Saldana;1118998;760,507,625
Mr. Nobody;2009;141 min;Drama, Fantasy, Romance;78;Jaco Van Dormael;Jared Leto;Sarah Polley;216421;3,6
Apocalypto;2006;139 min;Action, Adventure, Drama;78;Mel Gibson;Gerardo Taracena;Raoul Max Trujillo;291018;50,866,635
Little Miss Sunshine;2006;101 min;Comedy, Drama;78;Jonathan Dayton;Valerie Faris;Steve Carell;439856;59,891,098
Hot Fuzz;2007;121 min;Action, Comedy, Mystery;78;Edgar Wright;Simon Pegg;Nick Frost;463466;23,637,265
The Curious Case of Benjamin Button;2008;166 min;Drama, Fantasy, Romance;78;David Fincher;Brad Pitt;Cate Blanchett;589160;127,509,326
Pride & Prejudice;2005;129 min;Drama, Romance;78;Joe Wright;Keira Knightley;Matthew Macfadyen;258924;38,405,088
The World's Fastest Indian;2005;127 min;Biography, Drama, Sport;78;Roger Donaldson;Anthony Hopkins;Diane Ladd;51980;5,128,124
Serenity;2005;119 min;Action, Adventure, Sci-Fi;78;Joss Whedon;Nathan Fillion;Gina Torres;283310;25,514,517
Walk the Line;2005;136 min;Biography, Drama, Music;78;James Mangold;Joaquin Phoenix;Reese Witherspoon;234207;119,519,402
The Notebook;2004;123 min;Drama, Romance;78;Nick Cassavetes;Gena Rowlands;James Garner;520284;81,001,787
Diarios de motocicleta;2004;126 min;Adventure, Biography, Drama;78;Walter Salles;Gael García Bernal;Rodrigo De la Serna;96703;16,756,372
Lilja 4-ever;2002;109 min;Crime, Drama;78;Lukas Moodysson;Oksana Akinshina;Artyom Bogucharskiy;42673;181,655
Les triplettes de Belleville;2003;80 min;Animation, Comedy, Drama;78;Sylvain Chomet;Michèle Caucheteux;Jean-Claude Donda;50622;7,002,255
The Count of Monte Cristo;2002;131 min;Action, Adventure, Drama;78;Kevin Reynolds;Jim Caviezel;Guy Pearce;129022;54,234,062
Waking Life;2001;99 min;Animation, Drama, Fantasy;78;Richard Linklater;Ethan Hawke;Trevor Jack Brooks;60684;2,892,011
Remember the Titans;2000;113 min;Biography, Drama, Sport;78;Boaz Yakin;Denzel Washington;Will Patton;198089;115,654,751
Wo hu cang long;2000;120 min;Action, Adventure, Fantasy;78;Ang Lee;Yun-Fat Chow;Michelle Yeoh;253228;128,078,872
Shrek;2001;90 min;Animation, Adventure, Comedy;78;Andrew Adamson;Vicky Jenson;Mike Myers;613941;267,665,011
God's Own Country;2017;104 min;Drama, Romance;77;Francis Lee;Josh O'Connor;Alec Secareanu;25198;335,609
Deadpool 2;2018;119 min;Action, Adventure, Comedy;77;David Leitch;Ryan Reynolds;Josh Brolin;478586;324,591,735
Wind River;2017;107 min;Crime, Drama, Mystery;77;Taylor Sheridan;Kelsey Asbille;Jeremy Renner;205444;33,800,859
Get Out;2017;104 min;Horror, Mystery, Thriller;77;Jordan Peele;Daniel Kaluuya;Allison Williams;492851;176,040,665
Mission: Impossible - Fallout;2018;147 min;Action, Adventure, Thriller;77;Christopher McQuarrie;Tom Cruise;Henry Cavill;291257;220,159,104
En man som heter Ove;2015;116 min;Comedy, Drama, Romance;77;Hannes Holm;Rolf Lassgård;Bahar Pars;47444;3,358,518
What We Do in the Shadows;2014;86 min;Comedy, Horror;77;Jemaine Clement;Taika Waititi;Jemaine Clement;157498;3,333,000
The Theory of Everything;2014;123 min;Romance, Biography, Drama;77;James Marsh;Eddie Redmayne;Felicity Jones;404182;35,893,537
Kingsman: The Secret Service;2014;129 min;Action, Adventure, Comedy;77;Matthew Vaughn;Colin Firth;Taron Egerton;590440;128,261,724
The Fault in Our Stars;2014;126 min;Drama, Romance;77;Josh Boone;Shailene Woodley;Ansel Elgort;344312;124,872,350
Me and Earl and the Dying Girl;2015;105 min;Comedy, Drama;77;Alfonso Gomez-Rejon;Thomas Mann;RJ Cyler;123210;6,743,776
The Broken Circle Breakdown;2012;111 min;Drama, Music, Romance;77;Felix van Groeningen;Veerle Baetens;Johan Heldenbergh;39379;175,058
Captain America: The Winter Soldier;2014;136 min;Action, Adventure, Sci-Fi;77;Anthony Russo;Joe Russo;Chris Evans;736182;259,766,572
Rockstar;2011;159 min;Drama, Music, Musical;77;Imtiaz Ali;Ranbir Kapoor;Nargis Fakhri;39501;985,912
Nebraska;2013;115 min;Adventure, Comedy, Drama;77;Alexander Payne;Bruce Dern;Will Forte;112298;17,654,912
Wreck-It Ralph;2012;101 min;Animation, Adventure, Comedy;77;Rich Moore;John C. Reilly;Jack McBrayer;380195;189,422,889
Le Petit Prince;2015;108 min;Animation, Adventure, Drama;77;Mark Osborne;Jeff Bridges;Mackenzie Foy;56720;1,339,152
Detachment;2011;98 min;Drama;77;Tony Kaye;Adrien Brody;Christina Hendricks;77071;71,177
Midnight in Paris;2011;96 min;Comedy, Fantasy, Romance;77;Woody Allen;Owen Wilson;Rachel McAdams;388089;56,816,662
The Lego Movie;2014;100 min;Animation, Action, Adventure;77;Christopher Miller;Phil Lord;Chris Pratt;323982;257,760,692
Star Trek Into Darkness;2013;132 min;Action, Adventure, Sci-Fi;77;J.J. Abrams;Chris Pine;Zachary Quinto;463188;228,778,661
Beasts of No Nation;2015;137 min;Drama, War;77;Cary Joji Fukunaga;Abraham Attah;Emmanuel Affadzi;73964;83,861
The Social Network;2010;120 min;Biography, Drama;77;David Fincher;Jesse Eisenberg;Andrew Garfield;624982;96,962,694
X: First Class;2011;131 min;Action, Adventure, Sci-Fi;77;Matthew Vaughn;James McAvoy;Michael Fassbender;645512;146,408,305
The Hangover;2009;100 min;Comedy;77;Todd Phillips;Zach Galifianakis;Bradley Cooper;717559;277,322,503
Skyfall;2012;143 min;Action, Adventure, Thriller;77;Sam Mendes;Daniel Craig;Javier Bardem;630614;304,360,277
Silver Linings Playbook;2012;122 min;Comedy, Drama, Romance;77;David O. Russell;Bradley Cooper;Jennifer Lawrence;661871;132,092,958
Argo;2012;120 min;Biography, Drama, Thriller;77;Ben Affleck;Ben Affleck;Bryan Cranston;572581;136,025,503
(500) Days of Summer;2009;95 min;Comedy, Drama, Romance;77;Marc Webb;Zooey Deschanel;Joseph Gordon-Levitt;472242;32,391,374
Harry Potter and the Deathly Hallows: Part 1;2010;146 min;Adventure, Family, Fantasy;77;David Yates;Daniel Radcliffe;Emma Watson;479120;295,983,305
Gake no ue no Ponyo;2008;101 min;Animation, Adventure, Comedy;77;Hayao Miyazaki;Cate Blanchett;Matt Damon;125317;15,090,400
Frost/Nixon;2008;122 min;Biography, Drama, History;77;Ron Howard;Frank Langella;Michael Sheen;103330;18,593,156
Changeling;2008;141 min;Biography, Crime, Drama;77;Clint Eastwood;Angelina Jolie;Colm Feore;239203;35,739,802
Flipped;2010;90 min;Comedy, Drama, Romance;77;Rob Reiner;Madeline Carroll;Callan McAuliffe;81446;1,752,214
This Is England;2006;101 min;Crime, Drama;77;Shane Meadows;Thomas Turgoose;Stephen Graham;115576;327,919
Ex Machina;2014;108 min;Drama, Sci-Fi, Thriller;77;Alex Garland;Alicia Vikander;Domhnall Gleeson;474141;25,442,958
Efter brylluppet;2006;120 min;Drama;77;Susanne Bier;Mads Mikkelsen;Sidse Babett Knudsen;32001;412,544
The Last King of Scotland;2006;123 min;Biography, Drama, History;77;Kevin Macdonald;James McAvoy;Forest Whitaker;175355;17,605,861
Zodiac;2007;157 min;Crime, Drama, Mystery;77;David Fincher;Jake Gyllenhaal;Robert Downey Jr.;466080;33,080,084
Lost in Translation;2003;102 min;Comedy, Drama;77;Sofia Coppola;Bill Murray;Scarlett Johansson;415074;44,585,453
Harry Potter and the Goblet of Fire;2005;157 min;Adventure, Family, Fantasy;77;Mike Newell;Daniel Radcliffe;Emma Watson;548619;290,013,036
Man on Fire;2004;146 min;Action, Crime, Drama;77;Tony Scott;Denzel Washington;Christopher Walken;329592;77,911,774
Coraline;2009;100 min;Animation, Drama, Family;77;Henry Selick;Dakota Fanning;Teri Hatcher;197761;75,286,229
The Last Samurai;2003;154 min;Action, Drama;77;Edward Zwick;Tom Cruise;Ken Watanabe;400049;111,110,575
The Magdalene Sisters;2002;114 min;Drama;77;Peter Mullan;Eileen Walsh;Dorothy Duffy;25938;4,890,878
In America;2002;105 min;Drama;77;Jim Sheridan;Paddy Considine;Samantha Morton;40403;15,539,266
I Am Sam;2001;132 min;Drama;77;Jessie Nelson;Sean Penn;Michelle Pfeiffer;142863;40,311,852
Adaptation.;2002;115 min;Comedy, Drama;77;Spike Jonze;Nicolas Cage;Meryl Streep;178565;22,245,861
Black Hawk Down;2001;144 min;Drama, History, War;77;Ridley Scott;Josh Hartnett;Ewan McGregor;364254;108,638,745
Road to Perdition;2002;117 min;Crime, Drama, Thriller;77;Sam Mendes;Tom Hanks;Tyler Hoechlin;246840;104,454,762
Das Experiment;2001;120 min;Drama, Thriller;77;Oliver Hirschbiegel;Moritz Bleibtreu;Christian Berkel;90842;141,072
Billy Elliot;2000;110 min;Drama, Music;77;Stephen Daldry;Jamie Bell;Julie Walters;126770;21,995,263
Hedwig and the Angry Inch;2001;95 min;Comedy, Drama, Music;77;John Cameron Mitchell;John Cameron Mitchell;Miriam Shor;31957;3,029,081
Ocean's Eleven;2001;116 min;Crime, Thriller;77;Steven Soderbergh;George Clooney;Brad Pitt;516372;183,417,150
Vampire Hunter D: Bloodlust;2000;103 min;Animation, Action, Fantasy;77;Yoshiaki Kawajiri;Andrew Philpot;John Rafter Lee;29210;151,086
O Brother, Where Art Thou?;2000;107 min;Adventure, Comedy, Crime;77;Joel Coen;Ethan Coen;George Clooney;286742;45,512,588
Training Day;2001;122 min;Crime, Drama, Thriller;77;Antoine Fuqua;Denzel Washington;Ethan Hawke;390247;76,631,907
Searching;2018;102 min;Drama, Mystery, Thriller;76;Aneesh Chaganty;John Cho;Debra Messing;140840;26,020,957
Once Upon a Time... in Hollywood;2019;161 min;Comedy, Drama;76;Quentin Tarantino;Leonardo DiCaprio;Brad Pitt;551309;142,502,728
The Florida Project;2017;111 min;Drama;76;Sean Baker;Brooklynn Prince;Bria Vinaite;95181;5,904,366
Gifted;2017;101 min;Drama;76;Marc Webb;Chris Evans;Mckenna Grace;99643;24,801,212
The Peanut Butter Falcon;2019;97 min;Adventure, Comedy, Drama;76;Tyler Nilson;Michael Schwartz;Zack Gottsagen;66346;13,122,642
Guardians of the Galaxy Vol. 2;2017;136 min;Action, Adventure, Comedy;76;James Gunn;Chris Pratt;Zoe Saldana;569974;389,813,101
Baby Driver;2017;113 min;Action, Crime, Drama;76;Edgar Wright;Ansel Elgort;Jon Bernthal;439406;107,825,862
Only the Brave;2017;134 min;Action, Biography, Drama;76;Joseph Kosinski;Josh Brolin;Miles Teller;58371;18,340,051
Bridge of Spies;2015;142 min;Drama, History, Thriller;76;Steven Spielberg;Tom Hanks;Mark Rylance;287659;72,313,754
Incredibles 2;2018;118 min;Animation, Action, Adventure;76;Brad Bird;Craig T. Nelson;Holly Hunter;250057;608,581,744
Moana;2016;107 min;Animation, Adventure, Comedy;76;Ron Clements;John Musker;Don Hall;272784;248,757,044
Hell or High Water;2016;102 min;Action, Crime, Drama;76;David Mackenzie;Chris Pine;Ben Foster;204175;26,862,450
Philomena;2013;98 min;Biography, Comedy, Drama;76;Stephen Frears;Judi Dench;Steve Coogan;94212;37,707,719
Dawn of the Planet of the Apes;2014;130 min;Action, Adventure, Drama;76;Matt Reeves;Gary Oldman;Keri Russell;411599;208,545,589
A Star Is Born;2018;136 min;Drama, Music, Romance;76;Bradley Cooper;Lady Gaga;Bradley Cooper;334312;215,288,866
Despicable Me;2010;95 min;Animation, Comedy, Crime;76;Pierre Coffin;Chris Renaud;Steve Carell;500851;251,513,985
50/50;2011;100 min;Comedy, Drama, Romance;76;Jonathan Levine;Joseph Gordon-Levitt;Seth Rogen;315426;35,014,192
Sherlock Holmes;2009;128 min;Action, Adventure, Mystery;76;Guy Ritchie;Robert Downey Jr.;Jude Law;583158;209,028,679
The Blind Side;2009;129 min;Biography, Drama, Sport;76;John Lee Hancock;Quinton Aaron;Sandra Bullock;293266;255,959,475
The Visitor;2007;104 min;Drama;76;Tom McCarthy;Richard Jenkins;Haaz Sleiman;41544;9,422,422
Seven Pounds;2008;123 min;Drama;76;Gabriele Muccino;Will Smith;Rosario Dawson;286770;69,951,824
Eastern Promises;2007;100 min;Action, Crime, Drama;76;David Cronenberg;Naomi Watts;Viggo Mortensen;227760;17,114,882
Stardust;2007;127 min;Adventure, Family, Fantasy;76;Matthew Vaughn;Charlie Cox;Claire Danes;255036;38,634,938
The Secret of Kells;2009;71 min;Animation, Adventure, Family;76;Tomm Moore;Nora Twomey;Evan McGuire;31779;686,383
Inside Man;2006;129 min;Crime, Drama, Mystery;76;Spike Lee;Denzel Washington;Clive Owen;339757;88,513,495
Gone Baby Gone;2007;114 min;Crime, Drama, Mystery;76;Ben Affleck;Morgan Freeman;Ed Harris;250590;20,300,218
La Vie En Rose;2007;140 min;Biography, Drama, Music;76;Olivier Dahan;Marion Cotillard;Sylvie Testud;82781;10,301,706
Huo Yuan Jia;2006;104 min;Action, Biography, Drama;76;Ronny Yu;Jet Li;Li Sun;72863;24,633,730
The Illusionist;2006;110 min;Drama, Fantasy, Mystery;76;Neil Burger;Edward Norton;Jessica Biel;354728;39,868,642
Dead Man's Shoes;2004;90 min;Crime, Drama, Thriller;76;Shane Meadows;Paddy Considine;Gary Stretch;49728;6,013
Harry Potter and the Half-Blood Prince;2009;153 min;Action, Adventure, Family;76;David Yates;Daniel Radcliffe;Emma Watson;474827;301,959,197
300;2006;117 min;Action, Drama;76;Zack Snyder;Gerard Butler;Lena Headey;732876;210,614,939
Match Point;2005;124 min;Drama, Romance, Thriller;76;Woody Allen;Scarlett Johansson;Jonathan Rhys Meyers;206294;23,089,926
Watchmen;2009;162 min;Action, Drama, Mystery;76;Zack Snyder;Jackie Earle Haley;Patrick Wilson;500799;107,509,799
Lord of War;2005;122 min;Action, Crime, Drama;76;Andrew Niccol;Nicolas Cage;Ethan Hawke;294140;24,149,632
Saw;2004;103 min;Horror, Mystery, Thriller;76;James Wan;Cary Elwes;Leigh Whannell;379020;56,000,369
Synecdoche, New York;2008;124 min;Drama;76;Charlie Kaufman;Philip Seymour Hoffman;Samantha Morton;83158;3,081,925
Mysterious Skin;2004;105 min;Drama;76;Gregg Araki;Brady Corbet;Joseph Gordon-Levitt;65939;697,181
The Station Agent;2003;89 min;Comedy, Drama;76;Tom McCarthy;Peter Dinklage;Patricia Clarkson;67370;5,739,376
Finding Neverland;2004;106 min;Biography, Drama, Family;76;Marc Forster;Johnny Depp;Kate Winslet;198677;51,680,613
25th Hour;2002;135 min;Drama;76;Spike Lee;Edward Norton;Barry Pepper;169708;13,060,843
The Butterfly Effect;2004;113 min;Drama, Sci-Fi, Thriller;76;Eric Bress;J. Mackye Gruber;Ashton Kutcher;451479;57,938,693
28 Days Later...;2002;113 min;Drama, Horror, Sci-Fi;76;Danny Boyle;Cillian Murphy;Naomie Harris;376853;45,064,915
The Royal Tenenbaums;2001;110 min;Comedy, Drama;76;Wes Anderson;Gene Hackman;Gwyneth Paltrow;266842;52,364,010
Enemy at the Gates;2001;131 min;Drama, History, War;76;Jean-Jacques Annaud;Jude Law;Ed Harris;243729;51,401,758
Minority Report;2002;145 min;Action, Crime, Mystery;76;Steven Spielberg;Tom Cruise;Colin Farrell;508417;132,072,926
American Psycho;2000;101 min;Comedy, Crime, Drama;76;Mary Harron;Christian Bale;Justin Theroux;490062;15,070,285
